{"cameraMode":{"drawMode":0,"name":"Shaded","section":"Shading Mode"},"sceneLighting":true,"audioPlay":false,"sceneViewState":{"m_AlwaysRefresh":false,"showFog":true,"showSkybox":true,"showFlares":true,"showImageEffects":true,"showParticleSystems":true,"showVisualEffectGraphs":true,"m_FxEnabled":true},"in2DMode":false,"pivot":{"x":-0.07354512810707092,"y":0.15726959705352784,"z":-0.0860748291015625},"rotation":{"x":0.01511662919074297,"y":0.9814854860305786,"z":-0.16980156302452088,"w":0.0873870998620987},"size":0.8345286250114441,"orthographic":false}