{"cameraMode":{"drawMode":0,"name":"Shaded","section":"Shading Mode"},"sceneLighting":true,"audioPlay":false,"sceneViewState":{"m_AlwaysRefresh":false,"showFog":true,"showSkybox":true,"showFlares":true,"showImageEffects":true,"showParticleSystems":true,"showVisualEffectGraphs":true,"m_FxEnabled":true},"in2DMode":false,"pivot":{"x":1.9767580032348633,"y":2.5775623321533205,"z":0.9979333877563477},"rotation":{"x":0.21012526750564576,"y":-0.03079589456319809,"z":0.006622309796512127,"w":0.9771672487258911},"size":44.662681579589847,"orthographic":false}